"Goriber Flagship CURRENT PHONE PRICE LIST Updated: 24 August 2026  •  Prices may change depending on stock and market conditions. Brand","Model","RAM / Storage","Price (BDT)","","","","","","","","","","","","","","","","","","","","",""
"Apple","iPhone 11","128 GB","20,500 ৳","","","","","","","","","","","","","","","","","","","","",""
"Apple","iPhone 12","128 GB","23,500 ৳","","","","","","","","","","","","","","","","","","","","",""
"Apple","iPhone 12 Pro Max","128 GB","33,000 ৳","","","","","","","","","","","","","","","","","","","","",""
"Apple","iPhone 14","128 GB","47,000 ৳","","","","","","","","","","","","","","","","","","","","",""
"Apple","iPhone 13 Pro Max","256 GB","58,000 ৳","","","","","","","","","","","","","","","","","","","","",""
"Apple","iPhone 14 Pro Max","256 GB","69,000 ৳","","","","","","","","","","","","","","","","","","","","",""
"Honor","200","12/256 GB","33,000 ৳","","","","","","","","","","","","","","","","","","","","",""
"Honor","Magic 5 Pro","12/256 GB","36,000 ৳","","","","","","","","","","","","","","","","","","","","",""
"Honor","Magic 5 Ultimate","12/256 GB","43,000 ৳","","","","","","","","","","","","","","","","","","","","",""
"Honor","Magic 6 Pro","12/256 GB","58,000 ৳","","","","","","","","","","","","","","","","","","","","",""
"Honor","Magic 7 Pro","12/256 GB","65,000 ৳","","","","","","","","","","","","","","","","","","","","",""
"Oppo","Find X7","12/256 GB","41,000 ৳","","","","","","","","","","","","","","","","","","","","",""
"Oppo","Find X8 Pro","12/256 GB","59,000 ৳","","","","","","","","","","","","","","","","","","","","",""
"Oppo","Find X9","12/256 GB","80,000 ৳","","","","","","","","","","","","","","","","","","","","",""
"Oppo","Find X9 Pro","12/256 GB","81,000 ৳","","","","","","","","","","","","","","","","","","","","",""
"Oppo","Find X8","12/256 GB","","","","","","","","","","","","","","","","","","","","","",""
"Redmi","Note 13 Pro+","8/256 GB","24,000 ৳","","","","","","","","","","","","","","","","","","","","",""
"Redmi","K80 Pro","12/256 GB","45,000 ৳","","","","","","","","","","","","","","","","","","","","",""
"Redmi","K90","12/256 GB","56,000 ৳","","","","","","","","","","","","","","","","","","","","",""
"Redmi","K80","12/256 GB","91,000 ৳","","","","","","","","","","","","","","","","","","","","",""
"Redmi","K90 Pro","12/256 GB","","","","","","","","","","","","","","","","","","","","","",""
"Vivo","X100","12/256 GB","36,000 ৳","","","","","","","","","","","","","","","","","","","","",""
"Vivo","X100 Pro","12/256 GB","44,000 ৳","","","","","","","","","","","","","","","","","","","","",""
"Vivo","X200","12/256 GB","55,000 ৳","","","","","","","","","","","","","","","","","","","","",""
"Vivo","X200 Pro Mini","12/256 GB","59,000 ৳","","","","","","","","","","","","","","","","","","","","",""
"Vivo","X200 Pro","12/256 GB","63,000 ৳","","","","","","","","","","","","","","","","","","","","",""
"Vivo","X300","12/256 GB","70,000 ৳","","","","","","","","","","","","","","","","","","","","",""
"Vivo","X300 Pro","12/256 GB","82,000 ৳","","","","","","","","","","","","","","","","","","","","",""
"Vivo","X200 Ultra","12/256 GB","91,000 ৳","","","","","","","","","","","","","","","","","","","","",""
"Xiaomi","Civi 4 Pro","12/256 GB","29,000 ৳","","","","","","","","","","","","","","","","","","","","",""
"Xiaomi","13","12/256 GB","32,000 ৳","","","","","","","","","","","","","","","","","","","","",""
"Xiaomi","13 Pro","12/256 GB","35,000 ৳","","","","","","","","","","","","","","","","","","","","",""
"Xiaomi","14","12/256 GB","38,000 ৳","","","","","","","","","","","","","","","","","","","","",""
"Xiaomi","Civi 5 Pro","12/256 GB","39,000 ৳","","","","","","","","","","","","","","","","","","","","",""
"Xiaomi","14 Pro","12/256 GB","44,000 ৳","","","","","","","","","","","","","","","","","","","","",""
"Xiaomi","15","12/256 GB","46,000 ৳","","","","","","","","","","","","","","","","","","","","",""
"Xiaomi","15 Pro","12/256 GB","65,000 ৳","","","","","","","","","","","","","","","","","","","","",""
"Xiaomi","15 Ultra","12/256 GB","67,000 ৳","","","","","","","","","","","","","","","","","","","","",""
"Xiaomi","17 Pro Max","16/512 GB","97,500 ৳","","","","","","","","","","","","","","","","","","","","",""
"Xiaomi","17 Ultra","16/512 GB","112,000 ৳","","","","","","","","","","","","","","","","","","","","",""
"Xiaomi","12S Ultra","12/256 GB","","","","","","","","","","","","","","","","","","","","","",""
"Xiaomi","13 Ultra","12/256 GB","40000","","","","","","","","","","","","","","","","","","","","",""
"For latest price & availability, please contact Goriber Flagship before placing an order.","","","","","","","","","","","","","","","","","","","","","","","",""